Workbook

Sheet Dashboard
A1: STUDENT PERFORMANCE DASHBOARD
A2: Summary of the original 100 student records across six subjects
A4: TOTAL STUDENTS | D4: PASSING STUDENTS | G4: FAILING STUDENTS | J4: CLASS AVERAGE %
A5: =COUNTA(Students!B5:B104) -> 100 | D5: =COUNTIF(Students!Q5:Q104,"Pass") -> 91 | G5: =COUNTIF(Students!Q5:Q104,"Fail") -> 9 | J5: =AVERAGE(Students!P5:P104) -> 0.63016667
A9: SUBJECT PERFORMANCE | F9: RESULT DISTRIBUTION | I9: CITY DISTRIBUTION
A10: Subject | B10: Average Marks | C10: Pass Count | D10: Fail Count | F10: Result | G10: Students | I10: City | J10: Students
A11: Hindi | B11: =AVERAGE(Students!$H$5:$H$104) -> 65.78 | C11: =COUNTIF(Students!$H$5:$H$104,">=30") -> 95 | D11: =COUNTIF(Students!$H$5:$H$104,"<30") -> 5 | F11: Pass | G11: =COUNTIF(Students!Q5:Q104,"Pass") -> 91 | I11: Agra | J11: =COUNTIF(Students!$E$5:$E$104,I11) -> 4
A12: English | B12: =AVERAGE(Students!$I$5:$I$104) -> 61.83 | C12: =COUNTIF(Students!$I$5:$I$104,">=30") -> 92 | D12: =COUNTIF(Students!$I$5:$I$104,"<30") -> 8 | F12: Fail | G12: =COUNTIF(Students!Q5:Q104,"Fail") -> 9 | I12: Allahabad | J12: =COUNTIF(Students!$E$5:$E$104,I12) -> 7
A13: Mathematics | B13: =AVERAGE(Students!$J$5:$J$104) -> 62.45 | C13: =COUNTIF(Students!$J$5:$J$104,">=30") -> 92 | D13: =COUNTIF(Students!$J$5:$J$104,"<30") -> 8 | I13: Badaun | J13: =COUNTIF(Students!$E$5:$E$104,I13) -> 6
A14: Science | B14: =AVERAGE(Students!$K$5:$K$104) -> 61.93 | C14: =COUNTIF(Students!$K$5:$K$104,">=30") -> 96 | D14: =COUNTIF(Students!$K$5:$K$104,"<30") -> 4 | I14: Bareilly | J14: =COUNTIF(Students!$E$5:$E$104,I14) -> 9
A15: Social Science | B15: =AVERAGE(Students!$L$5:$L$104) -> 63.37 | C15: =COUNTIF(Students!$L$5:$L$104,">=30") -> 96 | D15: =COUNTIF(Students!$L$5:$L$104,"<30") -> 4 | I15: Gorakhpur | J15: =COUNTIF(Students!$E$5:$E$104,I15) -> 8
A16: Computer | B16: =AVERAGE(Students!$M$5:$M$104) -> 62.74 | C16: =COUNTIF(Students!$M$5:$M$104,">=30") -> 93 | D16: =COUNTIF(Students!$M$5:$M$104,"<30") -> 7 | I16: Hardoi | J16: =COUNTIF(Students!$E$5:$E$104,I16) -> 7
I17: Kanpur | J17: =COUNTIF(Students!$E$5:$E$104,I17) -> 6
I18: Lakhimpur | J18: =COUNTIF(Students!$E$5:$E$104,I18) -> 6
I19: Lucknow | J19: =COUNTIF(Students!$E$5:$E$104,I19) -> 10
I20: Meerut | J20: =COUNTIF(Students!$E$5:$E$104,I20) -> 7
I21: Moradabad | J21: =COUNTIF(Students!$E$5:$E$104,I21) -> 7
I22: Pilibhit | J22: =COUNTIF(Students!$E$5:$E$104,I22) -> 4
I23: Shahjahanpur | J23: =COUNTIF(Students!$E$5:$E$104,I23) -> 8
I24: Sitapur | J24: =COUNTIF(Students!$E$5:$E$104,I24) -> 5
I25: Varanasi | J25: =COUNTIF(Students!$E$5:$E$104,I25) -> 6

Sheet Students
A1: STUDENT RESULT SHEET
A2: 100 students | 6 subjects | Each subject is out of 100 marks | H2: Above 90 marks = Green | K2: Below 30 marks = Red | N2: Fail = overall percentage below 30%
A3: STUDENT DETAILS | H3: MARKS (OUT OF 100) | N3: RESULT
A4: Serial No. | B4: Name | C4: Phone Number | D4: Email | E4: City | F4: Father's Name | G4: Mother's Name | H4: Hindi | I4: English | J4: Mathematics | K4: Science | L4: Social Science | M4: Computer | N4: Total | O4: Average | P4: Percentage | Q4: Result
A5: 1 | B5: Ananya Agarwal | C5: 7321819600 | D5: ananya.agarwal12@gmail.com | E5: Moradabad | F5: Ghanshyam Agarwal | G5: Poonam Agarwal | H5: 62 | I5: 64 | J5: 38 | K5: 60 | L5: 88 | M5: 63 | N5: =SUM(H5:M5) -> 375 | O5: =AVERAGE(H5:M5) -> 62.5 | P5: =N5/(COUNT(H5:M5)*100) -> 0.625 | Q5: =IF(P5<0.3,"Fail","Pass") -> Pass
A6: 2 | B6: Ananya Mishra | C6: 9542351161 | D6: ananya.mishra46@gmail.com | E6: Bareilly | F6: Mohan Mishra | G6: Usha Mishra | H6: 79 | I6: 68 | J6: 40 | K6: 93 | L6: 50 | M6: 83 | N6: =SUM(H6:M6) -> 413 | O6: =AVERAGE(H6:M6) -> 68.833333 | P6: =N6/(COUNT(H6:M6)*100) -> 0.68833333 | Q6: =IF(P6<0.3,"Fail","Pass") -> Pass
A7: 3 | B7: Sakshi Chauhan | C7: 7103413164 | D7: sakshi.chauhan59@gmail.com | E7: Sitapur | F7: Mahesh Chauhan | G7: Nirmala Chauhan | H7: 81 | I7: 55 | J7: 82 | K7: 80 | L7: 61 | M7: 69 | N7: =SUM(H7:M7) -> 428 | O7: =AVERAGE(H7:M7) -> 71.333333 | P7: =N7/(COUNT(H7:M7)*100) -> 0.71333333 | Q7: =IF(P7<0.3,"Fail","Pass") -> Pass
A8: 4 | B8: Aditi Pandey | C8: 7764835030 | D8: aditi.pandey41@gmail.com | E8: Hardoi | F8: Om Prakash Pandey | G8: Renu Pandey | H8: 86 | I8: 69 | J8: 43 | K8: 62 | L8: 75 | M8: 62 | N8: =SUM(H8:M8) -> 397 | O8: =AVERAGE(H8:M8) -> 66.166667 | P8: =N8/(COUNT(H8:M8)*100) -> 0.66166667 | Q8: =IF(P8<0.3,"Fail","Pass") -> Pass
A9: 5 | B9: Ritu Kumar | C9: 7423884969 | D9: ritu.kumar52@gmail.com | E9: Badaun | F9: Rajesh Kumar | G9: Rekha Kumar | H9: 81 | I9: 63 | J9: 52 | K9: 98 | L9: 46 | M9: 41 | N9: =SUM(H9:M9) -> 381 | O9: =AVERAGE(H9:M9) -> 63.5 | P9: =N9/(COUNT(H9:M9)*100) -> 0.635 | Q9: =IF(P9<0.3,"Fail","Pass") -> Pass
A10: 6 | B10: Kajal Srivastava | C10: 6669784801 | D10: kajal.srivastava88@gmail.com | E10: Moradabad | F10: Ramesh Srivastava | G10: Poonam Srivastava | H10: 69 | I10: 78 | J10: 49 | K10: 72 | L10: 90 | M10: 55 | N10: =SUM(H10:M10) -> 413 | O10: =AVERAGE(H10:M10) -> 68.833333 | P10: =N10/(COUNT(H10:M10)*100) -> 0.68833333 | Q10: =IF(P10<0.3,"Fail","Pass") -> Pass
A11: 7 | B11: Aarti Mishra | C11: 6489325288 | D11: aarti.mishra1@gmail.com | E11: Kanpur | F11: Suresh Mishra | G11: Sarita Mishra | H11: 76 | I11: 97 | J11: 37 | K11: 49 | L11: 81 | M11: 74 | N11: =SUM(H11:M11) -> 414 | O11: =AVERAGE(H11:M11) -> 69 | P11: =N11/(COUNT(H11:M11)*100) -> 0.69 | Q11: =IF(P11<0.3,"Fail","Pass") -> Pass
A12: 8 | B12: Neha Gupta | C12: 9182278248 | D12: neha.gupta78@gmail.com | E12: Moradabad | F12: Shyam Gupta | G12: Radha Gupta | H12: 89 | I12: 62 | J12: 60 | K12: 74 | L12: 86 | M12: 82 | N12: =SUM(H12:M12) -> 453 | O12: =AVERAGE(H12:M12) -> 75.5 | P12: =N12/(COUNT(H12:M12)*100) -> 0.755 | Q12: =IF(P12<0.3,"Fail","Pass") -> Pass
A13: 9 | B13: Amit Gupta | C13: 8098393010 | D13: amit.gupta30@gmail.com | E13: Hardoi | F13: Om Prakash Gupta | G13: Anita Gupta | H13: 11 | I13: 22 | J13: 10 | K13: 43 | L13: 16 | M13: 26 | N13: =SUM(H13:M13) -> 128 | O13: =AVERAGE(H13:M13) -> 21.333333 | P13: =N13/(COUNT(H13:M13)*100) -> 0.21333333 | Q13: =IF(P13<0.3,"Fail","Pass") -> Fail
A14: 10 | B14: Preeti Rastogi | C14: 9376311656 | D14: preeti.rastogi53@gmail.com | E14: Pilibhit | F14: Rajesh Rastogi | G14: Sarita Rastogi | H14: 37 | I14: 12 | J14: 13 | K14: 25 | L14: 38 | M14: 12 | N14: =SUM(H14:M14) -> 137 | O14: =AVERAGE(H14:M14) -> 22.833333 | P14: =N14/(COUNT(H14:M14)*100) -> 0.22833333 | Q14: =IF(P14<0.3,"Fail","Pass") -> Fail
A15: 11 | B15: Sachin Kumar | C15: 7624731781 | D15: sachin.kumar7@gmail.com | E15: Moradabad | F15: Anil Kumar | G15: Renu Kumar | H15: 36 | I15: 46 | J15: 65 | K15: 56 | L15: 87 | M15: 97 | N15: =SUM(H15:M15) -> 387 | O15: =AVERAGE(H15:M15) -> 64.5 | P15: =N15/(COUNT(H15:M15)*100) -> 0.645 | Q15: =IF(P15<0.3,"Fail","Pass") -> Pass
A16: 12 | B16: Riya Joshi | C16: 6647468723 | D16: riya.joshi38@gmail.com | E16: Gorakhpur | F16: Om Prakash Joshi | G16: Kiran Joshi | H16: 62 | I16: 42 | J16: 42 | K16: 75 | L16: 42 | M16: 41 | N16: =SUM(H16:M16) -> 304 | O16: =AVERAGE(H16:M16) -> 50.666667 | P16: =N16/(COUNT(H16:M16)*100) -> 0.50666667 | Q16: =IF(P16<0.3,"Fail","Pass") -> Pass
... A104: 100 | B104: Rohan Pandey | C104: 6047868633 | D104: rohan.pandey59@gmail.com | E104: Pilibhit | F104: Jitendra Pandey | G104: Nirmala Pandey | H104: 79 | I104: 54 | J104: 70 | K104: 59 | L104: 49 | M104: 39 | N104: =SUM(H104:M104) -> 350 | O104: =AVERAGE(H104:M104) -> 58.333333 | P104: =N104/(COUNT(H104:M104)*100) -> 0.58333333 | Q104: =IF(P104<0.3,"Fail","Pass") -> Pass

Sheet City Chart
A1: STUDENTS BY CITY
A3: City | B3: Number of Students | C3: Share
A4: Lucknow | B4: =COUNTIF(Students!$E$5:$E$104,A4) -> 10 | C4: =B4/$B$19 -> 0.1
A5: Bareilly | B5: =COUNTIF(Students!$E$5:$E$104,A5) -> 9 | C5: =B5/$B$19 -> 0.09
A6: Gorakhpur | B6: =COUNTIF(Students!$E$5:$E$104,A6) -> 8 | C6: =B6/$B$19 -> 0.08
A7: Shahjahanpur | B7: =COUNTIF(Students!$E$5:$E$104,A7) -> 8 | C7: =B7/$B$19 -> 0.08
A8: Allahabad | B8: =COUNTIF(Students!$E$5:$E$104,A8) -> 7 | C8: =B8/$B$19 -> 0.07
A9: Hardoi | B9: =COUNTIF(Students!$E$5:$E$104,A9) -> 7 | C9: =B9/$B$19 -> 0.07
A10: Meerut | B10: =COUNTIF(Students!$E$5:$E$104,A10) -> 7 | C10: =B10/$B$19 -> 0.07
A11: Moradabad | B11: =COUNTIF(Students!$E$5:$E$104,A11) -> 7 | C11: =B11/$B$19 -> 0.07
A12: Badaun | B12: =COUNTIF(Students!$E$5:$E$104,A12) -> 6 | C12: =B12/$B$19 -> 0.06
A13: Kanpur | B13: =COUNTIF(Students!$E$5:$E$104,A13) -> 6 | C13: =B13/$B$19 -> 0.06
A14: Lakhimpur | B14: =COUNTIF(Students!$E$5:$E$104,A14) -> 6 | C14: =B14/$B$19 -> 0.06
A15: Varanasi | B15: =COUNTIF(Students!$E$5:$E$104,A15) -> 6 | C15: =B15/$B$19 -> 0.06
... A18: Pilibhit | B18: =COUNTIF(Students!$E$5:$E$104,A18) -> 4 | C18: =B18/$B$19 -> 0.04
A19: Total | B19: =SUM(B4:B18) -> 100 | C19: =SUM(C4:C18) -> 1
A21: Chart data: top 8 cities + all others
A22: City | B22: Students
A23: =A4 -> Lucknow | B23: =B4 -> 10
A24: =A5 -> Bareilly | B24: =B5 -> 9
A25: =A6 -> Gorakhpur | B25: =B6 -> 8
A26: =A7 -> Shahjahanpur | B26: =B7 -> 8
A27: =A8 -> Allahabad | B27: =B8 -> 7
A28: =A9 -> Hardoi | B28: =B9 -> 7
A29: =A10 -> Meerut | B29: =B10 -> 7
A30: =A11 -> Moradabad | B30: =B11 -> 7
A31: ="Other cities ("&(COUNTA(A4:A18)-8)&")" -> Other cities (7) | B31: =B19-SUM(B23:B30) -> 37

Sheet Marks Chart
A1: STUDENTS BY MARKS GROUP
A3: Marks Group (Percentage) | B3: Number of Students | C3: Share
A4: Below 30% (Fail) | B4: =COUNTIF(Students!$P$5:$P$104,"<0.3") -> 9 | C4: =B4/$B$8 -> 0.09
A5: 30% to below 50% | B5: =COUNTIFS(Students!$P$5:$P$104,">=0.3",Students!$P$5:$P$104,"<0.5") -> 2 | C5: =B5/$B$8 -> 0.02
A6: 50% to below 70% | B6: =COUNTIFS(Students!$P$5:$P$104,">=0.5",Students!$P$5:$P$104,"<0.7") -> 57 | C6: =B6/$B$8 -> 0.57
A7: 70% and above | B7: =COUNTIF(Students!$P$5:$P$104,">=0.7") -> 32 | C7: =B7/$B$8 -> 0.32
A8: Total | B8: =SUM(B4:B7) -> 100 | C8: =SUM(C4:C7) -> 1
A10: Result | B10: Number of Students | C10: Share
A11: Pass | B11: =COUNTIF(Students!$Q$5:$Q$104,"Pass") -> 91 | C11: =B11/$B$8 -> 0.91
A12: Fail | B12: =COUNTIF(Students!$Q$5:$Q$104,"Fail") -> 9 | C12: =B12/$B$8 -> 0.09
A14: Groups use each student's overall percentage (Total / 600). Fail = below 30%.

Sheet Subject Pass-Fail
A1: PASS % AND FAIL % IN EACH SUBJECT
A3: Subject | B3: Pass (students) | C3: Fail (students) | D3: Pass % | E3: Fail %
A4: Hindi | B4: =COUNTIF(Students!$H$5:$H$104,">=30") -> 95 | C4: =COUNTIF(Students!$H$5:$H$104,"<30") -> 5 | D4: =B4/(B4+C4) -> 0.95 | E4: =C4/(B4+C4) -> 0.05
A5: English | B5: =COUNTIF(Students!$I$5:$I$104,">=30") -> 92 | C5: =COUNTIF(Students!$I$5:$I$104,"<30") -> 8 | D5: =B5/(B5+C5) -> 0.92 | E5: =C5/(B5+C5) -> 0.08
A6: Mathematics | B6: =COUNTIF(Students!$J$5:$J$104,">=30") -> 92 | C6: =COUNTIF(Students!$J$5:$J$104,"<30") -> 8 | D6: =B6/(B6+C6) -> 0.92 | E6: =C6/(B6+C6) -> 0.08
A7: Science | B7: =COUNTIF(Students!$K$5:$K$104,">=30") -> 96 | C7: =COUNTIF(Students!$K$5:$K$104,"<30") -> 4 | D7: =B7/(B7+C7) -> 0.96 | E7: =C7/(B7+C7) -> 0.04
A8: Social Science | B8: =COUNTIF(Students!$L$5:$L$104,">=30") -> 96 | C8: =COUNTIF(Students!$L$5:$L$104,"<30") -> 4 | D8: =B8/(B8+C8) -> 0.96 | E8: =C8/(B8+C8) -> 0.04
A9: Computer | B9: =COUNTIF(Students!$M$5:$M$104,">=30") -> 93 | C9: =COUNTIF(Students!$M$5:$M$104,"<30") -> 7 | D9: =B9/(B9+C9) -> 0.93 | E9: =C9/(B9+C9) -> 0.07
A11: Pass = 30 marks or more in that subject. Fail = below 30 marks.
A12: In the chart, the green bar is Pass % and the red bar is Fail %.

Sheet Toppers
B1: TOP 3 STUDENTS - OVERALL AND SUBJECT-WISE
B3: ❶ | C3: ❷ | D3: ❸ | F3: ❶ | G3: ❷ | H3: ❸
B4: =INDEX(Students!$B$5:$B$104,SUMPRODUCT(SMALL((ROW(Students!$N$5:$N$104)-4)+(Students!$N$5:$N$104<>LARGE(Students!$N$5:$N$104,1))*1000,1-COUNTIF(Students!$N$5:$N$104,">"&LARGE(Students!$N$5:$N$104,1))))) -> Shruti Bajpai | C4: =INDEX(Students!$B$5:$B$104,SUMPRODUCT(SMALL((ROW(Students!$N$5:$N$104)-4)+(Students!$N$5:$N$104<>LARGE(Students!$N$5:$N$104,2))*1000,2-COUNTIF(Students!$N$5:$N$104,">"&LARGE(Students!$N$5:$N$104,2))))) -> Simran Saxena | D4: =INDEX(Students!$B$5:$B$104,SUMPRODUCT(SMALL((ROW(Students!$N$5:$N$104)-4)+(Students!$N$5:$N$104<>LARGE(Students!$N$5:$N$104,3))*1000,3-COUNTIF(Students!$N$5:$N$104,">"&LARGE(Students!$N$5:$N$104,3))))) -> Harsh Tiwari | F4: =INDEX(Students!$B$5:$B$104,SUMPRODUCT(SMALL((ROW(Students!$H$5:$H$104)-4)+(Students!$H$5:$H$104<>LARGE(Students!$H$5:$H$104,1))*1000,1-COUNTIF(Students!$H$5:$H$104,">"&LARGE(Students!$H$5:$H$104,1))))) -> Megha Maurya | G4: =INDEX(Students!$B$5:$B$104,SUMPRODUCT(SMALL((ROW(Students!$H$5:$H$104)-4)+(Students!$H$5:$H$104<>LARGE(Students!$H$5:$H$104,2))*1000,2-COUNTIF(Students!$H$5:$H$104,">"&LARGE(Students!$H$5:$H$104,2))))) -> Megha Pandey | H4: =INDEX(Students!$B$5:$B$104,SUMPRODUCT(SMALL((ROW(Students!$H$5:$H$104)-4)+(Students!$H$5:$H$104<>LARGE(Students!$H$5:$H$104,3))*1000,3-COUNTIF(Students!$H$5:$H$104,">"&LARGE(Students!$H$5:$H$104,3))))) -> Isha Maurya
B5: ="Total: "&LARGE(Students!$N$5:$N$104,1)&"/600" -> Total: 497/600 | C5: ="Total: "&LARGE(Students!$N$5:$N$104,2)&"/600" -> Total: 483/600 | D5: ="Total: "&LARGE(Students!$N$5:$N$104,3)&"/600" -> Total: 482/600 | F5: ="Marks: "&LARGE(Students!$H$5:$H$104,1)&"" -> Marks: 98 | G5: ="Marks: "&LARGE(Students!$H$5:$H$104,2)&"" -> Marks: 98 | H5: ="Marks: "&LARGE(Students!$H$5:$H$104,3)&"" -> Marks: 98
B6: OVERALL TOPPERS | F6: Hindi
B8: ❶ | C8: ❷ | D8: ❸ | F8: ❶ | G8: ❷ | H8: ❸
B9: =INDEX(Students!$B$5:$B$104,SUMPRODUCT(SMALL((ROW(Students!$I$5:$I$104)-4)+(Students!$I$5:$I$104<>LARGE(Students!$I$5:$I$104,1))*1000,1-COUNTIF(Students!$I$5:$I$104,">"&LARGE(Students!$I$5:$I$104,1))))) -> Aarti Mishra | C9: =INDEX(Students!$B$5:$B$104,SUMPRODUCT(SMALL((ROW(Students!$I$5:$I$104)-4)+(Students!$I$5:$I$104<>LARGE(Students!$I$5:$I$104,2))*1000,2-COUNTIF(Students!$I$5:$I$104,">"&LARGE(Students!$I$5:$I$104,2))))) -> Shruti Bajpai | D9: =INDEX(Students!$B$5:$B$104,SUMPRODUCT(SMALL((ROW(Students!$I$5:$I$104)-4)+(Students!$I$5:$I$104<>LARGE(Students!$I$5:$I$104,3))*1000,3-COUNTIF(Students!$I$5:$I$104,">"&LARGE(Students!$I$5:$I$104,3))))) -> Manish Saxena | F9: =INDEX(Students!$B$5:$B$104,SUMPRODUCT(SMALL((ROW(Students!$J$5:$J$104)-4)+(Students!$J$5:$J$104<>LARGE(Students!$J$5:$J$104,1))*1000,1-COUNTIF(Students!$J$5:$J$104,">"&LARGE(Students!$J$5:$J$104,1))))) -> Shivam Bajpai | G9: =INDEX(Students!$B$5:$B$104,SUMPRODUCT(SMALL((ROW(Students!$J$5:$J$104)-4)+(Students!$J$5:$J$104<>LARGE(Students!$J$5:$J$104,2))*1000,2-COUNTIF(Students!$J$5:$J$104,">"&LARGE(Students!$J$5:$J$104,2))))) -> Vikram Rathore | H9: =INDEX(Students!$B$5:$B$104,SUMPRODUCT(SMALL((ROW(Students!$J$5:$J$104)-4)+(Students!$J$5:$J$104<>LARGE(Students!$J$5:$J$104,3))*1000,3-COUNTIF(Students!$J$5:$J$104,">"&LARGE(Students!$J$5:$J$104,3))))) -> Aarav Chauhan
B10: ="Marks: "&LARGE(Students!$I$5:$I$104,1)&"" -> Marks: 97 | C10: ="Marks: "&LARGE(Students!$I$5:$I$104,2)&"" -> Marks: 97 | D10: ="Marks: "&LARGE(Students!$I$5:$I$104,3)&"" -> Marks: 96 | F10: ="Marks: "&LARGE(Students!$J$5:$J$104,1)&"" -> Marks: 98 | G10: ="Marks: "&LARGE(Students!$J$5:$J$104,2)&"" -> Marks: 97 | H10: ="Marks: "&LARGE(Students!$J$5:$J$104,3)&"" -> Marks: 96
B11: English | F11: Mathematics
B13: ❶ | C13: ❷ | D13: ❸ | F13: ❶ | G13: ❷ | H13: ❸
B14: =INDEX(Students!$B$5:$B$104,SUMPRODUCT(SMALL((ROW(Students!$K$5:$K$104)-4)+(Students!$K$5:$K$104<>LARGE(Students!$K$5:$K$104,1))*1000,1-COUNTIF(Students!$K$5:$K$104,">"&LARGE(Students!$K$5:$K$104,1))))) -> Ritu Kumar | C14: =INDEX(Students!$B$5:$B$104,SUMPRODUCT(SMALL((ROW(Students!$K$5:$K$104)-4)+(Students!$K$5:$K$104<>LARGE(Students!$K$5:$K$104,2))*1000,2-COUNTIF(Students!$K$5:$K$104,">"&LARGE(Students!$K$5:$K$104,2))))) -> Vivaan Tiwari | D14: =INDEX(Students!$B$5:$B$104,SUMPRODUCT(SMALL((ROW(Students!$K$5:$K$104)-4)+(Students!$K$5:$K$104<>LARGE(Students!$K$5:$K$104,3))*1000,3-COUNTIF(Students!$K$5:$K$104,">"&LARGE(Students!$K$5:$K$104,3))))) -> Sachin Yadav | F14: =INDEX(Students!$B$5:$B$104,SUMPRODUCT(SMALL((ROW(Students!$L$5:$L$104)-4)+(Students!$L$5:$L$104<>LARGE(Students!$L$5:$L$104,1))*1000,1-COUNTIF(Students!$L$5:$L$104,">"&LARGE(Students!$L$5:$L$104,1))))) -> Mohit Agarwal | G14: =INDEX(Students!$B$5:$B$104,SUMPRODUCT(SMALL((ROW(Students!$L$5:$L$104)-4)+(Students!$L$5:$L$104<>LARGE(Students!$L$5:$L$104,2))*1000,2-COUNTIF(Students!$L$5:$L$104,">"&LARGE(Students!$L$5:$L$104,2))))) -> Ajay Shukla | H14: =INDEX(Students!$B$5:$B$104,SUMPRODUCT(SMALL((ROW(Students!$L$5:$L$104)-4)+(Students!$L$5:$L$104<>LARGE(Students!$L$5:$L$104,3))*1000,3-COUNTIF(Students!$L$5:$L$104,">"&LARGE(Students!$L$5:$L$104,3))))) -> Aarti Maurya
B15: ="Marks: "&LARGE(Students!$K$5:$K$104,1)&"" -> Marks: 98 | C15: ="Marks: "&LARGE(Students!$K$5:$K$104,2)&"" -> Marks: 97 | D15: ="Marks: "&LARGE(Students!$K$5:$K$104,3)&"" -> Marks: 97 | F15: ="Marks: "&LARGE(Students!$L$5:$L$104,1)&"" -> Marks: 98 | G15: ="Marks: "&LARGE(Students!$L$5:$L$104,2)&"" -> Marks: 98 | H15: ="Marks: "&LARGE(Students!$L$5:$L$104,3)&"" -> Marks: 97
B16: Science | F16: Social Science
B18: ❶ | C18: ❷ | D18: ❸
B19: =INDEX(Students!$B$5:$B$104,SUMPRODUCT(SMALL((ROW(Students!$M$5:$M$104)-4)+(Students!$M$5:$M$104<>LARGE(Students!$M$5:$M$104,1))*1000,1-COUNTIF(Students!$M$5:$M$104,">"&LARGE(Students!$M$5:$M$104,1))))) -> Rohan Kumar | C19: =INDEX(Students!$B$5:$B$104,SUMPRODUCT(SMALL((ROW(Students!$M$5:$M$104)-4)+(Students!$M$5:$M$104<>LARGE(Students!$M$5:$M$104,2))*1000,2-COUNTIF(Students!$M$5:$M$104,">"&LARGE(Students!$M$5:$M$104,2))))) -> Sachin Kumar | D19: =INDEX(Students!$B$5:$B$104,SUMPRODUCT(SMALL((ROW(Students!$M$5:$M$104)-4)+(Students!$M$5:$M$104<>LARGE(Students!$M$5:$M$104,3))*1000,3-COUNTIF(Students!$M$5:$M$104,">"&LARGE(Students!$M$5:$M$104,3))))) -> Muskan Saxena
B20: ="Marks: "&LARGE(Students!$M$5:$M$104,1)&"" -> Marks: 98 | C20: ="Marks: "&LARGE(Students!$M$5:$M$104,2)&"" -> Marks: 97 | D20: ="Marks: "&LARGE(Students!$M$5:$M$104,3)&"" -> Marks: 97
B21: Computer
B23: Ties are ranked by serial number (lower first). Overall ranking uses total marks out of 600. Names update automatically if marks change.
